City_ID,City,Lat,Lng,Max Temp,Humidity,Cloudiness,Wind Speed,Country,Date
0,port-aux-francais,-49.35,70.2167,4.84,91,100,5.88,TF,1731365744
1,ifrane,33.3333,-5.25,9.7,61,82,2.12,MA,1731365745
2,blackmans bay,-43.0167,147.3167,16.52,60,37,0.89,AU,1731365746
3,mesyagutovo,55.5303,58.2528,-13.76,97,45,1.98,RU,1731365747
4,mocimboa,-11.3167,40.35,24.32,92,33,1.38,MZ,1731365748
5,thompson,55.7435,-97.8558,-3.91,86,100,1.54,CA,1731365749
6,adamstown,-25.066,-130.1015,21.42,64,97,0.99,PN,1731365750
7,georgetown,5.4112,100.3354,25.96,84,20,1.03,MY,1731365643
8,vadso,70.0744,29.7487,3.09,87,40,5.14,NO,1731365753
9,waitangi,-43.9535,-176.5597,13.23,76,83,3.58,NZ,1731365754
10,puerto natales,-51.7236,-72.4875,12.25,50,75,15.43,CL,1731365755
11,campoverde,-8.4753,-74.8058,29.83,58,98,0.31,PE,1731365756
12,west island,-12.1568,96.8225,25.99,89,100,7.2,CC,1731365757
13,sona,45.4388,10.8255,3.51,87,81,1.54,IT,1731365758
14,sao lourenco do oeste,-26.3592,-52.8511,22.92,58,59,3.39,BR,1731365759
15,arraial do cabo,-22.9661,-42.0278,20.98,88,0,3.09,BR,1731365760
16,razole,16.4833,81.8333,25.78,79,100,2.71,IN,1731365761
17,mount gambier,-37.8333,140.7667,14.56,82,77,1.43,AU,1731365762
18,lerwick,60.1545,-1.1494,9.82,77,100,3.72,GB,1731365589
19,whitehorse,60.7161,-135.0538,-1.61,92,75,0.0,CA,1731365765
20,papatowai,-46.5619,169.4708,14.93,48,12,4.21,NZ,1731365766
21,corfu,39.62,19.9197,16.22,59,20,2.57,GR,1731365767
22,menongue,-14.6585,17.691,17.17,95,98,1.53,AO,1731365768
23,qaqortoq,60.7167,-46.0333,-0.84,91,100,5.36,GL,1731365769
24,edinburgh of the seven seas,-37.0676,-12.3116,13.08,78,99,6.37,SH,1731365770
25,fale old settlement,-9.3852,-171.2468,28.96,62,3,8.17,TK,1731365771
26,olonkinbyen,70.9221,-8.7187,0.51,92,99,8.1,SJ,1731365772
27,albany,42.6001,-73.9662,14.2,65,21,0.89,US,1731365720
28,avarua,-21.2078,-159.775,25.03,61,40,8.23,CK,1731365775
29,isangel,-19.55,169.2667,29.06,70,75,3.09,VU,1731365776
30,nema,57.5067,50.5011,-3.31,96,87,3.01,RU,1731365777
31,invercargill,-46.4,168.35,15.01,53,14,5.36,NZ,1731365779
32,sabha,27.0377,14.4283,18.53,27,73,3.14,LY,1731365781
33,alaghsas,17.0187,8.0168,21.53,22,1,5.25,NE,1731365783
34,nsanje,-16.92,35.262,26.82,64,30,2.25,MW,1731365784
35,sarandi,-23.4436,-51.8739,29.75,45,20,2.57,BR,1731365785
36,grytviken,-54.2811,-36.5092,-0.23,92,94,4.62,GS,1731365786
37,uturoa,-16.7333,-151.4333,26.12,81,88,7.72,PF,1731365787
38,ushuaia,-54.8,-68.3,8.81,71,75,1.54,AR,1731365788
39,wailua homesteads,22.0669,-159.378,25.44,90,100,6.17,US,1731365789
40,makokou,0.5738,12.8642,21.39,90,13,1.3,GA,1731365790
41,bethel,41.3712,-73.414,14.95,63,0,0.45,US,1731365791
42,port mathurin,-19.6833,63.4167,24.11,80,76,10.11,MU,1731365713
43,tshabong,-26.05,22.45,21.2,17,6,3.12,BW,1731365793
44,bangjun,39.9911,117.2628,8.32,82,0,1.23,CN,1731365794
45,oyama,36.3,139.8,15.04,59,19,0.68,JP,1731365796
46,ghat,24.9647,10.1728,19.56,26,26,1.06,LY,1731365798
47,isla mujeres,21.2311,-86.731,25.65,83,72,2.8,MX,1731365799
48,magalia,39.8121,-121.5783,9.73,91,100,0.45,US,1731365800
49,sao vicente,-23.9631,-46.3919,22.77,26,0,2.55,BR,1731365794
50,tahlequah,35.9154,-94.97,21.12,46,0,0.0,US,1731365802
51,tolanaro,-25.0319,46.9987,25.04,83,75,4.12,MG,1731365803
52,hithadhoo,-0.6,73.0833,28.57,70,100,8.06,MV,1731365804
53,rio grande,-32.035,-52.0986,17.61,90,100,6.31,BR,1731365649
54,vila velha,-20.3297,-40.2925,23.97,85,100,1.03,BR,1731365806
55,touros,-5.1989,-35.4608,26.25,72,96,4.4,BR,1731365807
56,solnechniy,56.5438,48.4044,-1.68,86,100,2.44,RU,1731365808
57,pisco,-13.7,-76.2167,21.03,73,0,8.23,PE,1731365707
58,petropavlovsk-kamchatsky,53.0452,158.6483,0.33,64,75,1.0,RU,1731365810
59,kavaratti,10.5669,72.642,28.26,69,55,3.42,IN,1731365811
60,longyearbyen,78.2186,15.6401,0.91,93,75,2.57,SJ,1731365812
61,nova sintra,14.8667,-24.7167,26.77,70,1,7.21,CV,1731365814
62,akureyri,65.6835,-18.0878,18.96,55,40,12.35,IS,1731365815
63,castillos,-34.1667,-53.8333,12.13,93,67,5.21,UY,1731365817
64,cururupu,-1.8283,-44.8683,23.65,86,100,1.13,BR,1731365818
65,swakopmund,-22.6833,14.5333,15.55,83,2,0.89,NA,1731365819
66,duncan,34.5023,-97.9578,21.32,40,0,0.0,US,1731365820
67,anadyr,64.75,177.4833,-14.72,84,72,5.0,RU,1731365821
68,utrik,11.2278,169.8474,28.53,78,35,7.06,MH,1731365822
69,stanley,54.868,-1.6985,6.4,90,0,1.54,GB,1731365823
70,yellowknife,62.456,-114.3525,-7.55,97,75,8.75,CA,1731365824
71,codrington,-38.2667,141.9667,15.99,70,98,3.87,AU,1731365825
72,tiksi,71.6872,128.8694,-17.45,94,100,1.57,RU,1731365826
73,fort bragg,35.139,-79.006,21.01,83,40,3.6,US,1731365660
74,san luis de la loma,17.2706,-100.8939,28.13,80,56,2.24,MX,1731365764
75,tazovsky,67.4667,78.7,-24.32,96,95,5.55,RU,1731365830
76,vilyuchinsk,52.9306,158.4028,1.15,78,19,16.43,RU,1731365831
77,port elizabeth,-33.918,25.5701,17.4,95,0,3.09,ZA,1731365832
78,kuzovatovo,53.5468,47.6866,-1.15,89,94,1.28,RU,1731365833
79,bathsheba,13.2167,-59.5167,29.34,70,20,8.23,BB,1731365834
80,isafjordur,66.0755,-23.124,8.98,89,100,10.62,IS,1731365835
81,hermanus,-34.4187,19.2345,16.56,80,19,3.96,ZA,1731365653
82,bredasdorp,-34.5322,20.0403,14.3,87,11,1.37,ZA,1731365837
83,ribeira grande,38.5167,-28.7,20.99,95,99,10.73,PT,1731365838
84,santo antonio,-6.3106,-35.4789,23.96,73,91,3.27,BR,1731365839
85,fomboni,-12.28,43.7425,27.53,78,56,3.64,KM,1731365840
86,puerto aysen,-45.4,-72.7,7.64,100,100,2.79,CL,1731365841
87,cidade velha,14.9167,-23.6167,26.26,61,0,5.14,CV,1731365842
88,mwinilunga,-11.7358,24.4293,16.75,97,100,1.26,ZM,1731365843
89,inzhavino,52.3185,42.4937,0.23,86,97,1.94,RU,1731365844
90,embi,48.8264,58.1442,-5.95,74,33,2.14,KZ,1731365846
91,sumperk,49.9653,16.9706,1.53,70,8,0.8,CZ,1731365847
92,federacion,-31.0062,-57.8996,16.97,87,100,3.49,AR,1731365848
93,alotau,-10.3069,150.4462,27.95,81,95,1.15,PG,1731365849
94,bonthe,7.5264,-12.505,26.67,83,25,2.12,SL,1731365850
95,kirakira,-10.4544,161.9205,28.64,77,86,4.65,SB,1731365852
96,luderitz,-26.6481,15.1594,14.96,82,1,7.12,NA,1731365853
97,dudinka,69.4058,86.1778,-24.27,94,46,5.26,RU,1731365854
98,tofol,5.3248,163.0078,29.88,74,75,2.57,FM,1731365855
99,ola,59.5833,151.2833,-12.75,73,100,5.65,RU,1731365589
100,bikenibeu village,1.3673,173.1241,30.98,74,20,3.6,KI,1731365666
101,port lincoln,-34.7333,135.8667,18.55,72,17,3.27,AU,1731365858
102,bhan,26.5583,67.7214,26.82,42,18,2.47,PK,1731365859
103,atafu village,-8.5421,-172.5159,28.46,73,6,7.45,TK,1731365860
104,at taj,24.2049,23.2857,15.95,33,1,3.32,LY,1731365862
105,badger,64.8,-147.5333,-15.91,81,0,1.54,US,1731365863
106,auki,-8.7676,160.7034,30.21,63,66,0.74,SB,1731365865
107,pangody,65.85,74.4859,-21.99,98,99,4.61,RU,1731365866
108,astrakhan,46.3497,48.0408,4.93,93,100,3.0,RU,1731365867
109,aguadilla,18.4275,-67.1541,27.16,92,0,1.54,PR,1731365868
110,leh,34.1667,77.5833,-4.2,64,83,2.74,IN,1731365813
111,midvagur,62.0511,-7.1939,10.46,93,100,6.69,FO,1731365870
112,hamilton,39.1834,-84.5333,15.79,68,0,3.58,US,1731365871
113,constitucion,-35.3333,-72.4167,15.7,64,19,8.12,CL,1731365872
114,pitimbu,-7.4706,-34.8086,25.72,75,97,2.76,BR,1731365814
115,aasiaat,68.7098,-52.8699,-2.31,77,99,6.38,GL,1731365874
116,clorinda,-25.2848,-57.7185,26.09,73,55,8.42,AR,1731365876
117,cabo san lucas,22.8909,-109.9124,28.2,59,50,1.34,MX,1731365638
118,vydrino,51.485,104.8461,3.95,45,100,1.45,RU,1731365878
119,opuwo,-18.0607,13.84,20.51,41,25,1.0,NA,1731365879
120,nuuk,64.1835,-51.7216,-2.29,79,100,4.04,GL,1731365880
121,nonsan,36.2039,127.0847,12.16,87,64,0.35,KR,1731365881
122,margaret river,-33.95,115.0667,15.77,69,99,4.67,AU,1731365882
123,lebu,-37.6167,-73.65,12.15,72,82,7.51,CL,1731365883
124,p'ot'i,42.1462,41.672,12.2,84,100,3.21,GE,1731365884
125,kerikeri,-35.2268,173.9474,20.35,53,17,3.44,NZ,1731365885
126,college,64.8569,-147.8028,-15.86,81,75,1.54,US,1731365840
127,paulden,34.8856,-112.4682,21.92,12,0,5.81,US,1731365887
128,prince rupert,54.3161,-130.3201,8.05,80,100,5.66,CA,1731365888
129,carnarvon,-24.8667,113.6333,21.06,61,12,9.41,AU,1731365889
130,kostanay,53.1667,63.5833,-12.84,92,75,3.0,KZ,1731365822
131,lompoc,34.6391,-120.4579,20.94,76,100,5.66,US,1731365891
132,sisimiut,66.9395,-53.6735,-5.32,93,99,2.64,GL,1731365893
133,sao miguel do araguaia,-13.275,-50.1628,23.3,93,96,2.7,BR,1731365894
134,vorgashor,67.5833,63.95,-13.69,96,99,2.99,RU,1731365895
135,kapa'a,22.0752,-159.319,26.18,91,100,6.17,US,1731365896
136,cole harbour,44.6724,-63.4751,12.33,92,100,4.47,CA,1731365897
137,bargaal,11.2864,51.0773,24.65,78,15,2.81,SO,1731365898
138,haiku-pauwela,20.9219,-156.3051,27.92,65,40,11.18,US,1731365899
139,hasaki,35.7333,140.8333,18.91,60,1,2.14,JP,1731365900
140,plakhtiyivka,46.1006,29.7217,5.69,78,100,4.43,UA,1731365901
141,abepura,-2.6333,140.5833,26.45,89,20,2.57,ID,1731365902
142,talnakh,69.4865,88.3972,-28.15,91,51,0.96,RU,1731365903
143,bilibino,68.0546,166.4372,-23.55,97,68,1.92,RU,1731365904
144,vallenar,-28.5708,-70.7581,25.83,30,0,2.32,CL,1731365905
145,nieuw amsterdam,5.8833,-55.0833,26.01,89,40,2.57,SR,1731365906
146,ust-nera,64.5667,143.2,-30.32,99,87,0.84,RU,1731365907
147,coquimbo,-29.9533,-71.3436,18.85,62,0,4.12,CL,1731365597
148,tura,25.5198,90.2201,17.71,91,0,1.66,IN,1731365909
149,labrador city,52.9463,-66.9114,-2.68,79,100,1.54,CA,1731365911
150,point fortin,10.1833,-61.6833,28.34,78,78,5.8,TT,1731365912
151,conception bay south,47.4999,-52.9981,7.08,88,100,3.83,CA,1731365913
152,pimentel,-6.8367,-79.9342,22.16,64,0,11.32,PE,1731365914
153,kapuskasing,49.4169,-82.4331,-0.95,93,100,7.72,CA,1731365915
154,lihue,21.9789,-159.3672,25.77,92,100,6.17,US,1731365916
155,iqaluit,63.7506,-68.5145,-9.15,78,75,1.03,CA,1731365917
156,tagab,34.855,69.6492,8.48,21,48,0.25,AF,1731365918
157,puerto ayora,-0.7393,-90.3518,23.08,83,77,3.58,EC,1731365919
158,mogadishu,2.0371,45.3438,26.38,84,88,5.51,SO,1731365920
159,constantia,44.1833,28.65,4.38,77,100,6.59,RO,1731365921
160,el paso,31.8001,-106.2005,23.16,16,75,1.54,US,1731365914
161,taoudenni,22.6783,-3.9836,25.05,17,27,3.22,ML,1731365923
162,nouadhibou,20.931,-17.0347,20.75,75,0,6.31,MR,1731365714
163,massawa,15.6097,39.45,28.34,69,4,1.34,ER,1731365925
164,loveland,40.3978,-105.075,14.71,42,0,1.79,US,1731365926
165,nguigmi,14.2495,13.1092,24.35,26,0,5.46,NE,1731365928
166,brady,31.1352,-99.3351,25.25,25,0,0.0,US,1731365929
167,mulayjah,27.271,48.4242,24.2,37,22,2.37,SA,1731365930
168,traunreut,47.9627,12.5923,2.9,93,89,1.79,DE,1731365931
169,luau,-10.7073,22.2247,17.5,96,81,1.17,AO,1731365932
170,fortuna,40.5982,-124.1573,14.99,72,40,3.09,US,1731365933
171,mutuali,-14.8706,37.0044,24.73,55,0,1.89,MZ,1731365934
172,trinidad,-14.8333,-64.9,27.99,78,75,3.09,BO,1731365936
173,chernyshevskiy,63.0128,112.4714,-13.53,97,100,0.98,RU,1731365937
174,udachny,66.4167,112.4,-25.51,100,100,1.6,RU,1731365938
175,podgornoye,51.735,39.1496,1.12,69,75,2.0,RU,1731365939
176,pionerskiy,54.9508,20.2275,1.91,68,1,2.0,RU,1731365940
177,salinopolis,-0.6136,-47.3561,26.77,79,100,5.65,BR,1731365941
178,afaahiti,-17.75,-149.2833,23.42,84,100,6.8,PF,1731365942
179,santa cruz,-17.8,-63.1667,32.03,58,20,5.66,BO,1731365924
180,tha yang,12.9577,99.9055,23.13,89,86,2.86,TH,1731365945
181,paradip garh,20.3167,86.6167,23.58,71,72,3.87,IN,1731365947
182,chonchi,-42.6128,-73.8092,11.73,86,100,1.76,CL,1731365948
183,pearsall,28.8922,-99.095,28.84,41,15,2.07,US,1731365949
184,kolonia,50.9333,6.95,9.42,92,75,2.57,DE,1731365950
185,machico,32.7,-16.7667,21.35,78,40,5.66,PT,1731365951
186,padangsidempuan,1.3667,99.2667,21.68,98,100,1.12,ID,1731365952
187,poronaysk,49.2167,143.1167,0.54,56,100,3.11,RU,1731365953
188,nadvoitsy,63.8667,34.3167,-1.25,83,100,3.07,RU,1731365954
189,nicoya,10.1483,-85.452,22.61,98,100,1.34,CR,1731365955
190,kokopo,-4.352,152.2633,28.87,68,20,2.99,PG,1731365956
191,gadzhiyevo,69.2551,33.3362,2.24,87,100,7.36,RU,1731365957
192,ippy,6.2679,21.2247,22.03,80,0,0.67,CF,1731365958
193,sitka,57.0531,-135.33,8.94,61,75,3.6,US,1731365960
194,paidha,2.4167,30.9855,16.06,90,98,1.94,UG,1731365961
195,jamestown,42.097,-79.2353,10.57,83,100,6.69,US,1731365948
196,muisne,0.6,-80.0333,24.36,76,78,3.29,EC,1731365963
197,flying fish cove,-10.4217,105.6791,25.82,94,100,3.6,CX,1731365964
198,susuman,62.7833,148.1667,-21.44,98,100,1.35,RU,1731365965
199,mamuju,-2.6748,118.8885,25.23,86,100,1.75,ID,1731365966
200,saint-philippe,-21.3585,55.7679,23.18,87,46,5.42,RE,1731365967
201,bonnyville,54.2668,-110.735,2.59,80,100,6.14,CA,1731365704
202,klyuchi,52.2667,79.1667,-7.2,80,96,6.92,RU,1731365969
203,tsiombe,-25.3,45.4833,22.24,87,81,1.6,MG,1731365970
204,kailua-kona,19.6406,-155.9956,28.09,72,0,4.63,US,1731365971
205,midland,31.9974,-102.0779,24.79,21,0,2.06,US,1731365907
206,kowon-up,39.4381,127.2431,8.87,87,24,2.84,KP,1731365973
207,alpine,32.835,-116.7664,20.37,37,0,4.63,US,1731365974
208,la passe,45.5549,-0.8967,11.49,87,88,6.72,FR,1731365975
209,tra mhor,52.1624,-7.1524,7.83,100,82,2.24,IE,1731365976
210,bokovskaya,49.229,41.8306,3.7,67,100,2.68,RU,1731365977
211,umm ruwaba,12.9061,31.2158,27.68,30,42,7.69,SD,1731365979
212,alice springs,-23.7,133.8833,21.75,78,100,2.57,AU,1731365980
213,san andres,12.5847,-81.7006,29.01,79,75,2.57,CO,1731365981
214,esfarayen,37.0765,57.5101,10.05,47,71,0.31,IR,1731365982
215,aykhal,66.0,111.5,-19.48,100,100,2.41,RU,1731365983
216,cartagena,10.3997,-75.5144,27.79,74,20,4.12,CO,1731365941
217,new norfolk,-42.7826,147.0587,17.18,44,4,1.46,AU,1731365985
218,salekhard,66.53,66.6019,-17.85,96,98,3.56,RU,1731365986
219,gainsborough,53.3833,-0.7667,6.08,86,32,3.83,GB,1731365987
220,goundam,16.4145,-3.6708,24.96,15,1,4.51,ML,1731365988
221,punta arenas,-53.15,-70.9167,11.06,62,75,11.32,CL,1731365818
222,baglung,28.2719,83.5898,14.21,87,34,1.66,NP,1731365990
223,polyarnyy,69.1989,33.4478,2.18,87,100,6.87,RU,1731365991
224,huancavelica,-12.7667,-74.9833,4.35,92,83,2.6,PE,1731365992
225,takoradi,4.8845,-1.7554,26.6,82,12,3.98,GH,1731365993
226,yarmouth,41.7057,-70.2286,14.52,87,0,3.6,US,1731365791
227,tomohon,1.3346,124.8392,19.52,87,56,0.11,ID,1731365996
228,onverwacht,5.5833,-55.1833,25.92,94,75,7.2,SR,1731365998
229,iskateley,67.6803,53.1512,-7.35,98,96,0.61,RU,1731365999
230,tazacorte,28.629,-17.9293,21.75,72,0,5.14,ES,1731365760
231,karaman,37.0833,33.25,7.17,77,14,1.67,TR,1731366002
232,caxias,38.7031,-9.2767,18.91,62,0,5.14,PT,1731366006
233,parabel',58.6978,81.4825,-10.62,90,100,5.81,RU,1731366008
234,mahibadhoo,3.7833,72.9667,27.61,72,39,1.86,MV,1731366009
235,enewetak,11.3474,162.3373,28.56,78,57,8.21,MH,1731366010
236,newman,37.3138,-121.0208,12.24,87,90,2.24,US,1731366011
237,gubkin,51.2817,37.5458,-0.14,85,80,1.37,RU,1731366012
238,korsakov,46.6328,142.7813,-1.09,85,100,4.44,RU,1731366013
239,bojia,26.4672,111.9681,17.93,69,39,1.06,CN,1731366014
240,gambiran satu,-8.3939,114.1464,27.94,71,83,0.54,ID,1731366015
241,boa vista,2.8197,-60.6733,32.99,52,20,3.6,BR,1731365765
242,bhagalpur,25.25,87.0,21.42,66,0,0.73,IN,1731366017
243,chegutu,-18.1302,30.1407,23.55,57,100,5.94,ZW,1731366018
244,raja,8.4596,25.678,24.37,36,55,1.2,SS,1731366019
245,mugango,-1.6833,33.7,21.18,77,90,1.34,TZ,1731366020
246,baruun-urt,46.6806,113.2792,-3.17,58,9,1.71,MN,1731366022
247,cannonvale,-20.2833,148.7,27.66,59,97,2.73,AU,1731366023
248,bridgewater,44.3835,-64.5155,11.73,92,100,2.57,CA,1731366019
249,arish,31.1316,33.7984,19.96,72,70,1.88,EG,1731366025
250,cobija,-11.0267,-68.7692,34.1,55,40,5.14,BO,1731366026
251,sredneuralsk,56.9892,60.4666,-8.83,92,74,4.23,RU,1731366027
252,remire-montjoly,4.9167,-52.2667,26.02,89,75,1.54,GF,1731366028
253,yellandu,17.6,80.3333,20.42,69,87,1.52,IN,1731366030
254,hotan,37.0997,79.9269,8.26,55,100,1.86,CN,1731366031
255,hawaiian paradise park,19.5933,-154.9731,26.04,83,16,0.89,US,1731366032
256,avra valley,32.4379,-111.3154,28.16,16,0,4.12,US,1731366033
257,rio san juan,19.6439,-70.0763,25.17,90,100,3.67,DO,1731366034
258,hirara,24.8,125.2833,26.15,89,75,5.14,JP,1731366036
259,kill devil hills,36.0307,-75.676,21.1,82,0,5.14,US,1731365757
260,urangan,-25.3,152.9,24.8,76,100,6.81,AU,1731366038
261,dzuunharaa,48.8523,106.4579,-2.36,57,100,1.74,MN,1731366039
262,zvishavane,-20.3267,30.0665,19.92,80,100,4.39,ZW,1731366040
263,khanpur,28.6453,70.6567,22.51,24,94,2.66,PK,1731366041
264,la jagua de ibirico,9.5623,-73.3341,24.66,89,100,1.61,CO,1731366015
265,daru,-9.0763,143.2092,28.0,80,100,5.3,PG,1731366043
266,walvis bay,-22.9575,14.5053,14.53,88,0,3.6,NA,1731366044
267,igarka,67.4667,86.5833,-22.88,93,100,4.78,RU,1731365811
268,mount isa,-20.7333,139.5,31.87,31,80,2.57,AU,1731366046
269,salto,-31.3833,-57.9667,19.93,66,66,2.68,UY,1731365770
270,iaciara,-14.0958,-46.6317,22.24,94,100,3.53,BR,1731366048
271,namibe,-15.1961,12.1522,21.39,72,2,2.3,AO,1731366050
272,altai,46.3722,96.2583,-5.85,65,30,4.77,MN,1731366052
273,chibougamau,49.9168,-74.3659,-0.21,100,100,5.14,CA,1731365936
274,tromso,69.6496,18.957,4.01,87,75,5.66,NO,1731366054
275,vila franca do campo,37.7167,-25.4333,20.23,99,96,7.39,PT,1731366055
276,robertsport,6.7533,-11.3686,27.24,83,26,3.54,LR,1731366056
277,freetown,8.484,-13.2299,27.06,81,24,3.16,SL,1731366058
278,borazjan,29.2666,51.2159,24.88,49,1,0.53,IR,1731366059
279,marsa alam,25.0757,34.8918,22.09,59,0,5.09,EG,1731366060
280,kingston,17.997,-76.7936,28.53,79,20,1.03,JM,1731366001
281,usinsk,65.9939,57.5281,-12.86,100,99,2.54,RU,1731365672
282,shache,38.4167,77.2406,6.88,66,27,1.77,CN,1731366064
283,vytegra,61.0064,36.4481,-0.56,86,100,2.04,RU,1731366065
284,tarnogskiy gorodok,60.4997,43.5761,-1.22,90,91,4.17,RU,1731366066
285,kodiak,57.79,-152.4072,3.01,64,50,2.13,US,1731366067
286,sungai penuh,-2.0833,101.3833,18.95,94,100,1.34,ID,1731366068
287,el granada,37.5027,-122.4694,15.66,79,0,5.14,US,1731366069
288,fisterra,42.9049,-9.2629,15.16,74,18,9.41,ES,1731366070
289,dwarka,22.2394,68.9678,26.96,65,2,4.18,IN,1731366071
290,sur,22.5667,59.5289,26.48,52,3,2.37,OM,1731366072
291,east london,-33.0153,27.9116,16.6,86,2,2.47,ZA,1731365894
292,papao,-17.75,-149.55,27.82,88,99,7.76,PF,1731365502
293,birjand,32.8663,59.2211,5.26,38,0,3.09,IR,1731365920
294,enoch,37.7733,-113.0244,16.75,25,0,3.58,US,1731366077
295,ixtlahuacan del rio,20.8667,-103.25,27.93,27,10,1.78,MX,1731366079
296,vorkuta,67.5,64.0,-13.08,97,100,2.66,RU,1731365654
297,stettler,52.3168,-112.7186,9.49,55,96,7.57,CA,1731366082
298,la ronge,55.1001,-105.2842,1.14,75,100,7.2,CA,1731366083
299,vuktyl,63.8567,57.3094,-7.54,96,100,1.78,RU,1731366084
300,port moresby,-9.4431,147.1797,27.68,78,20,1.03,PG,1731366085
301,vanino,49.0869,140.2543,-3.11,79,100,2.29,RU,1731366087
302,campanha,-21.8361,-45.4006,22.28,65,33,1.09,BR,1731366038
303,usol'ye,59.4268,56.6808,-5.68,90,100,3.44,RU,1731366089
304,dampit,-8.2116,112.7493,23.39,89,97,0.73,ID,1731366090
305,yangquan,37.8575,113.5633,9.93,82,46,0.78,CN,1731366091
306,fort st. john,56.2499,-120.8529,-1.06,93,100,2.57,CA,1731366093
307,okhotsk,59.3833,143.3,-14.13,69,94,9.73,RU,1731366095
308,greymouth,-42.4667,171.2,14.44,54,53,3.01,NZ,1731366097
309,baharly,38.4362,57.4316,13.68,58,100,0.92,TM,1731366098
310,venado tuerto,-33.7456,-61.9688,15.32,26,0,3.62,AR,1731366100
311,kashgar,39.4547,75.9797,6.56,52,20,3.0,CN,1731366101
312,calatayud,41.3535,-1.6432,10.69,85,8,0.47,ES,1731366103
313,san antonio de pale,-1.4014,5.6325,25.94,84,58,4.44,GQ,1731365649
314,cooma,-36.2333,149.1333,20.32,41,45,2.08,AU,1731366105
315,brejinho,-6.1908,-35.3567,22.64,79,99,2.34,BR,1731366106
316,narvik,68.4384,17.4272,4.34,96,97,2.23,NO,1731366107
317,pacific grove,36.6177,-121.9166,13.82,92,40,1.79,US,1731365838
318,burang,30.25,81.1667,-3.08,71,25,2.65,CN,1731365651
319,valparaiso,-33.0393,-71.6273,26.8,43,0,9.26,CL,1731366110
320,tateyama,34.9833,139.8667,17.95,74,67,1.41,JP,1731366111
321,barranca,-10.75,-77.7667,18.8,81,38,4.22,PE,1731366065
322,markovo,57.3206,107.0881,-5.32,91,100,2.0,RU,1731366113
323,ta`u,-14.2336,-169.5144,27.31,74,46,6.54,AS,1731366114
324,zinjibar,13.1287,45.3807,26.67,70,7,3.57,YE,1731366116
325,adelaide,-34.9333,138.6,25.12,59,0,4.63,AU,1731365585
326,puerto deseado,-47.7503,-65.8938,15.05,44,100,4.39,AR,1731366081
327,el calafate,-50.3408,-72.2768,10.8,63,63,6.75,AR,1731366002
328,karamay,45.6004,84.8661,4.97,65,91,0.87,CN,1731366121
329,san rafael del yuma,18.4299,-68.6739,24.19,92,100,1.54,DO,1731366122
330,illizi,26.4833,8.4667,18.89,39,41,1.16,DZ,1731366123
331,grantsville,40.5999,-112.4644,20.16,19,0,9.39,US,1731365904
332,arangaon,18.6667,75.1833,20.04,59,21,3.35,IN,1731366125
333,safi,32.1667,-8.8333,16.69,81,0,3.97,MA,1731366126
334,lazaro cardenas,17.9583,-102.2,28.59,73,18,4.49,MX,1731366127
335,mejit,10.2753,170.8646,28.41,77,63,6.81,MH,1731366128
336,zhangjiakou,40.81,114.8794,4.94,48,0,1.44,CN,1731366129
337,le port,-20.9373,55.2919,22.98,95,34,3.32,RE,1731366130
338,labytnangi,66.6572,66.4183,-17.06,95,99,3.15,RU,1731365948
339,parras de la fuente,25.4167,-102.1833,26.11,39,5,4.13,MX,1731366132
340,ancud,-41.8697,-73.8203,10.89,87,100,4.47,CL,1731366134
341,kayangel,8.0823,134.7173,28.77,70,64,3.12,PW,1731366135
342,agat village,13.3886,144.6585,29.64,87,100,2.79,GU,1731366136
343,port alfred,-33.5906,26.891,17.32,96,2,0.45,ZA,1731366137
344,happy valley-goose bay,53.3168,-60.3315,0.17,64,100,0.0,CA,1731366138
345,corn island,12.1694,-83.0418,27.79,75,76,3.53,NI,1731366139
346,crane,31.3974,-102.3501,23.5,25,83,3.76,US,1731366140
347,bubaque,11.2833,-15.8333,28.99,68,51,3.89,GW,1731366141
348,nantucket,41.2835,-70.0995,15.06,88,0,5.66,US,1731366143
349,rongelap,11.1635,166.8941,28.45,78,39,7.17,MH,1731366144
350,maych'ew,12.7875,39.5422,11.85,81,74,3.75,ET,1731366145
351,tver,56.8619,35.8931,-0.77,83,100,2.02,RU,1731366146
352,al bayda',32.7627,21.7551,15.02,65,3,3.98,LY,1731366147
353,smirnykh,49.75,142.8333,-1.63,64,100,1.3,RU,1731366148
354,awjilah,29.1081,21.2869,19.53,38,97,4.0,LY,1731366149
355,inhambane,-23.865,35.3833,23.72,88,63,2.92,MZ,1731366150
356,ilulissat,69.2167,-51.1,-5.99,79,75,3.09,GL,1731366151
357,douentza,14.9951,-2.9517,25.48,18,0,2.39,ML,1731366152
358,mineiros,-17.5694,-52.5511,24.81,67,44,1.49,BR,1731366153
359,margate,51.3813,1.3862,9.83,83,52,2.68,GB,1731366155
360,ardestan,33.3761,52.3694,13.74,41,8,2.43,IR,1731366156
361,dryden,49.7833,-92.7503,-0.84,80,20,0.0,CA,1731366024
362,severobaykal'sk,55.65,109.3167,-5.95,94,100,1.37,RU,1731366158
363,port saint john's,-31.6229,29.5448,17.92,87,100,1.22,ZA,1731365671
364,hard bargain,26.3167,-77.5667,26.45,83,64,1.31,BS,1731366160
365,paharpur,32.1038,70.9724,20.47,39,0,1.01,PK,1731366161
366,saint-francois,46.4154,3.9054,7.03,93,75,1.54,FR,1731366162
367,saint-pierre,-21.3393,55.4781,22.82,83,0,1.54,RE,1731366163
368,kismayo,-0.3582,42.5454,26.08,86,80,3.6,SO,1731366164
369,adh dhibiyah,24.5014,45.9686,20.0,38,26,2.5,SA,1731366165
370,magadan,59.5667,150.8,-12.76,71,100,4.31,RU,1731366166
371,al bawiti,28.3492,28.8659,16.02,57,92,2.41,EG,1731366167
372,kosh-agach,50.0,88.6667,-4.52,63,90,8.77,RU,1731366168
373,sao jose da coroa grande,-8.8978,-35.1478,25.51,79,87,5.29,BR,1731366169
374,tinghir,31.5157,-5.5343,14.51,54,21,1.6,MA,1731366170
375,iskushuban,10.2837,50.23,22.98,84,20,3.76,SO,1731366171
376,weno,7.4515,151.8468,26.69,85,100,9.35,FM,1731366172
377,emmett,43.8735,-116.4993,9.2,56,100,2.08,US,1731365939
378,timimoun,29.2639,0.231,17.21,45,0,2.57,DZ,1731366175
379,feijo,-8.1642,-70.3536,24.25,91,100,0.92,BR,1731366176
380,kiunga,-6.1219,141.2906,24.77,94,100,0.29,PG,1731366177
381,mossel bay,-34.1831,22.146,16.57,88,6,2.32,ZA,1731366039
382,puerto baquerizo moreno,-0.9,-89.6,24.55,65,20,6.17,EC,1731366180
383,talca,-35.4333,-71.6667,19.03,41,15,6.23,CL,1731365917
384,gamba,-2.65,10.0,24.91,91,95,2.91,GA,1731366182
385,grand-bassam,5.2118,-3.7388,27.98,85,52,2.85,CI,1731366183
386,tomakomai,42.6369,141.6033,-1.92,93,20,1.03,JP,1731366184
387,pyapon,16.2833,95.6833,22.09,95,42,2.46,MM,1731366185
388,fuqing,25.725,119.3794,20.44,87,100,3.58,CN,1731366186
389,garhi khairo,28.0606,67.9803,23.74,19,40,2.55,PK,1731366187
390,geraldton,-28.7667,114.6,15.23,88,0,4.63,AU,1731366188
391,angaur state,6.906,134.13,28.76,70,38,2.13,PW,1731366189
392,half moon bay,37.4636,-122.4286,15.84,77,0,5.14,US,1731366057
393,tabuk,17.4189,121.4443,24.0,94,76,2.25,PH,1731366192
394,naze,28.3667,129.4833,21.51,83,68,4.25,JP,1731366193
395,yaren,-0.5472,166.916,28.28,67,58,5.83,NR,1731366194
396,turiacu,-1.6633,-45.3717,25.4,80,100,2.76,BR,1731366085
397,prakhon chai,14.6059,103.1208,20.7,89,26,2.92,TH,1731366196
398,palikir - national government center,6.9248,158.1611,28.57,75,100,7.97,FM,1731366197
399,huarmey,-10.0681,-78.1522,19.66,80,66,4.22,PE,1731365652
400,mhamid,29.82,-5.72,20.44,35,79,3.52,MA,1731366199
401,cove,7.221,2.3402,24.23,85,40,1.25,BJ,1731366200
402,jinghong,21.991,100.7341,19.51,98,99,0.37,CN,1731366163
403,tongouson,5.0214,120.1328,27.63,78,42,1.06,PH,1731366203
404,catemaco,18.4167,-95.1167,24.06,88,75,2.3,MX,1731366204
405,lan sak,15.4529,99.5761,22.07,88,28,1.08,TH,1731366206
406,antalaha,-14.9003,50.2788,23.31,91,100,2.16,MG,1731366207
407,onokhoy,51.932,108.0747,-8.39,89,100,1.84,RU,1731366209
408,nadym,65.5333,72.5167,-22.03,99,79,4.57,RU,1731366211
409,gorgan,36.8387,54.4348,10.98,82,75,0.0,IR,1731366212
410,ciudad bolivar,8.1222,-63.5497,25.89,87,91,3.1,VE,1731366213
411,ingeniero jacobacci,-41.3427,-69.5448,12.81,35,99,8.55,AR,1731366215
412,morant bay,17.8815,-76.4093,26.88,84,100,2.15,JM,1731366216
413,keflavik,64.0049,-22.5624,10.24,100,100,16.46,IS,1731366217
414,kiruna,67.8557,20.2251,-8.49,93,49,2.57,SE,1731366218
415,bowen,-20.0167,148.2333,26.99,60,12,4.39,AU,1731366219
416,kruisfontein,-34.0033,24.7314,13.76,93,2,2.62,ZA,1731366220
417,kasongo-lunda,-6.4667,16.8167,20.49,97,60,0.79,CD,1731366134
418,rabaul,-4.1967,152.1721,28.74,70,25,2.92,PG,1731366222
419,fukuecho,32.6881,128.8419,19.52,67,7,5.26,JP,1731366223
420,taro,-8.3862,115.28,21.65,95,100,0.58,ID,1731366224
421,as sulayyil,20.4607,45.5779,20.78,34,79,3.28,SA,1731366133
422,mayahi,13.9553,7.6712,24.39,23,0,3.94,NE,1731366226
423,parsabad,39.6482,47.9174,11.95,84,100,3.11,IR,1731366227
424,ararat,39.8317,44.7049,7.74,54,17,2.92,AM,1731366229
425,the pas,53.8251,-101.2541,0.01,86,100,5.66,CA,1731366230
426,eugene,44.0521,-123.0867,11.81,82,100,5.66,US,1731366030
427,agadez,19.75,10.25,19.03,24,0,2.06,NE,1731366233
428,zhezqazghan,47.7833,67.7667,-6.48,66,16,4.44,KZ,1731366234
429,fada,7.25,4.0667,23.28,95,30,0.76,NG,1731366235
430,aral,40.5156,81.2636,7.7,59,14,2.7,CN,1731366236
431,yuzhno-kurilsk,44.0306,145.8556,5.29,62,49,1.68,RU,1731366237
432,berbera,10.4396,45.0143,26.83,67,100,2.67,SO,1731366238
433,pandan,14.0453,124.1694,26.77,86,57,1.52,PH,1731366239
434,tokar,18.4254,37.729,28.48,72,54,6.0,SD,1731366240
435,beas de segura,38.2524,-2.8888,11.84,73,7,2.03,ES,1731366241
436,manokwari,-0.8667,134.0833,27.27,75,67,1.49,ID,1731366242
437,impfondo,1.6381,18.0667,21.69,98,53,1.19,CG,1731366243
438,lakatoro,-16.0999,167.4164,27.68,65,73,3.52,VU,1731366244
439,byron bay,-28.65,153.6167,22.43,91,97,2.22,AU,1731366245
440,souillac,-20.5167,57.5167,24.21,73,40,5.14,MU,1731366246
441,ulladulla,-35.35,150.4667,20.37,74,79,3.18,AU,1731366247
442,sulphur springs,33.1385,-95.6011,22.97,40,0,3.09,US,1731366248
443,ust'-ilimsk,58.0006,102.6619,-1.8,86,100,3.5,RU,1731366249
444,selfoss,63.9331,-20.9971,10.58,98,100,8.88,IS,1731366250
445,kristinestad,62.2743,21.376,5.43,85,100,3.89,FI,1731366252
446,guerrero negro,27.9769,-114.0611,19.96,54,88,7.0,MX,1731365679
447,karystos,38.0133,24.4161,12.37,79,6,3.19,GR,1731366254
448,ocean city,39.2776,-74.5746,17.21,85,0,1.79,US,1731366225
449,ust'-kalmanka,52.1207,83.305,-7.81,87,96,6.72,RU,1731366256
450,komsomolets,53.7453,62.0708,-10.4,93,8,3.16,KZ,1731366257
451,peniche,39.3558,-9.3811,17.34,77,0,4.4,PT,1731366258
452,anaconda,46.1285,-112.9423,9.28,41,100,3.02,US,1731366259
453,howrah,22.5892,88.3103,23.0,83,20,2.57,IN,1731366260
454,cukurca,37.2481,43.6136,8.12,88,43,0.58,TR,1731366261
455,newnham,-41.3833,147.1333,15.53,63,75,3.6,AU,1731366262
456,nar'yan-mar,67.6713,53.087,-7.1,98,96,0.62,RU,1731366263
457,desna,50.9273,30.7605,0.87,88,32,2.07,UA,1731366264
458,luganville,-15.5333,167.1667,27.13,74,99,4.64,VU,1731366265
459,taber,49.8167,-112.1518,10.0,62,100,6.69,CA,1731366009
460,sodankyla,67.4167,26.6,1.0,99,100,1.8,FI,1731366269
461,aldinga beach,-35.2793,138.4604,23.38,70,5,2.61,AU,1731366270
462,mili,6.0815,171.735,28.25,76,95,3.95,MH,1731366271
463,camapua,-19.5314,-54.0439,27.85,56,69,1.24,BR,1731366133
464,chapaev,50.2,51.1667,-2.13,58,8,1.97,KZ,1731366273
465,abasha,42.2096,42.2211,6.12,81,99,1.8,GE,1731366274
466,magistral'nyy,56.1725,107.4458,-5.44,88,100,1.84,RU,1731366275
467,st. john's,47.5649,-52.7093,6.55,86,100,3.6,CA,1731366204
468,anori,-3.7728,-61.6442,27.59,63,93,0.77,BR,1731366082
469,patacamaya,-17.2333,-67.9167,11.66,59,100,4.59,BO,1731366278
470,shahrud,36.4182,54.9763,10.93,47,98,0.69,IR,1731366279
471,pathein,16.7833,94.7333,22.71,94,83,2.09,MM,1731366214
472,marsh harbour,26.5412,-77.0636,26.67,81,49,2.9,BS,1731366281
473,betio village,1.358,172.9211,32.02,67,16,5.05,KI,1731366282
474,baise city,23.8997,106.6133,19.34,80,11,0.26,CN,1731366266
475,bodo,67.28,14.405,3.3,97,75,6.69,NO,1731366285
476,richards bay,-28.783,32.0377,20.29,85,100,2.31,ZA,1731366052
477,koungheul,13.9833,-14.8,28.74,17,100,2.64,SN,1731366287
478,el fasher,13.6279,25.3494,23.24,23,8,3.63,SD,1731366288
479,santa ana,33.7456,-117.8678,21.9,54,40,5.14,US,1731365941
480,kohima,25.6667,94.1167,13.57,84,23,1.5,IN,1731366290
481,mugia,43.1041,-9.2179,14.95,80,33,10.1,ES,1731366291
482,pyrgos,37.6751,21.441,14.44,63,92,3.27,GR,1731366292
483,athlone,53.4333,-7.95,5.48,92,75,1.13,IE,1731366293
484,puerto maldonado,-12.6,-69.1833,29.22,79,0,0.51,PE,1731366294
485,usogorsk,63.4106,48.6872,-0.26,96,100,4.67,RU,1731366295
486,kirensk,57.7853,108.1119,-2.52,89,100,3.55,RU,1731366296
487,progreso,21.2833,-89.6667,26.67,80,7,3.66,MX,1731366297
488,miri,4.4148,114.0089,25.08,94,40,2.57,MY,1731366199
489,kyzyl,51.7,94.45,-2.87,60,86,0.19,RU,1731366299
490,kadhan,24.481,68.9859,23.99,70,31,3.31,PK,1731366300
491,thunder bay,48.4001,-89.3168,0.99,69,40,3.09,CA,1731366005
492,lata,40.1629,-8.3327,10.48,77,0,1.67,PT,1731366303
493,okha,53.5739,142.9478,-4.07,81,100,6.38,RU,1731366304
494,belyy yar,53.6039,91.3903,1.94,69,0,8.0,RU,1731366305
495,glace bay,46.1969,-59.957,12.25,97,100,8.75,CA,1731366306
496,mbekenyera,-10.0,38.9833,21.71,91,0,1.03,TZ,1731366307
497,velke mezirici,49.3552,16.0122,0.96,99,7,0.9,CZ,1731366308
498,alto barinas,8.5931,-70.2261,27.02,71,74,0.96,VE,1731366309
499,sogndal,61.2283,7.1003,5.21,100,100,1.03,NO,1731366310
500,trevelin,-43.0858,-71.4639,6.02,95,100,2.38,AR,1731366311
501,grants,35.1473,-107.8514,15.13,36,0,4.12,US,1731366312
502,katras,23.8,86.2833,21.05,63,0,1.34,IN,1731366313
503,hede,33.7681,120.2517,13.32,79,1,0.78,CN,1731366093
504,dickinson,29.4608,-95.0513,27.26,65,40,3.6,US,1731366315
505,tindouf,27.6711,-8.1474,20.25,26,0,1.54,DZ,1731366316
506,thayetmyo,19.3167,95.1833,21.62,92,31,1.63,MM,1731366317
507,saint-joseph,-21.3667,55.6167,22.21,84,31,4.75,RE,1731366319
508,miami,25.7743,-80.1937,27.23,86,72,0.45,US,1731365892
509,bereznik,62.8551,42.7072,-0.73,84,92,3.88,RU,1731366321
510,brookings,44.3114,-96.7984,5.66,69,0,2.57,US,1731366322
511,tughyl,47.7252,84.2063,5.18,77,100,5.3,KZ,1731366323
512,uliastay,47.7417,96.8444,-9.99,75,30,3.23,MN,1731366324
513,cedar falls,42.5278,-92.4455,6.77,68,67,1.34,US,1731366111
514,alibag,18.6411,72.8792,24.67,55,3,3.14,IN,1731366326
515,kavieng,-2.5744,150.7967,29.14,69,79,3.88,PG,1731366328
516,lamar,33.6668,-95.5836,21.95,51,0,1.99,US,1731366329
517,lauro de freitas,-12.8944,-38.3272,25.01,88,75,1.54,BR,1731366122
518,nungwi,-5.7265,39.2987,26.88,79,26,2.48,TZ,1731366331
519,nemuro,43.3236,145.575,6.77,69,71,4.12,JP,1731366332
520,dunedin,-45.8742,170.5036,12.56,62,0,3.12,NZ,1731366136
521,ilhabela,-23.7781,-45.3581,20.73,89,2,2.67,BR,1731366334
522,kharp,66.8014,65.8081,-15.07,94,78,1.24,RU,1731366335
523,tshikapa,-6.4167,20.8,20.81,90,4,0.48,CD,1731366336
524,nago,26.5881,127.9761,24.74,88,80,4.72,JP,1731366337
525,guarabira,-6.8547,-35.49,23.32,75,76,2.41,BR,1731365814
526,juneau,58.3019,-134.4197,4.67,100,93,1.25,US,1731366191
527,williams lake,52.1415,-122.1445,6.76,88,75,3.09,CA,1731366340
528,bulungu,-4.55,18.6,20.24,97,18,0.34,CD,1731366341
529,la villa del rosario,10.3258,-72.3134,26.15,78,53,3.03,VE,1731366342
530,spearfish,44.4908,-103.8594,14.04,76,0,1.54,US,1731366343
531,turochak,52.2576,87.1224,-4.83,92,100,5.19,RU,1731366345
532,nacala,-14.5428,40.6728,25.51,87,29,3.23,MZ,1731366346
533,port douglas,-16.4833,145.4667,27.18,70,40,3.4,AU,1731366347
534,novodvinsk,64.4165,40.8122,0.86,90,100,3.85,RU,1731366348
535,maintirano,-18.0667,44.0167,26.7,81,0,4.8,MG,1731366349
536,flin flon,54.7682,-101.865,-1.09,86,100,4.63,CA,1731366350
537,martuk,50.7475,56.5056,-7.24,95,14,0.95,KZ,1731366351
538,tiruchchendur,8.4833,78.1167,26.37,76,3,1.79,IN,1731366308
539,lospalos,-8.5186,127.0025,25.98,62,72,2.07,TL,1731366354
540,acapulco de juarez,16.8634,-99.8901,29.9,74,40,2.06,MX,1731366309
541,choibalsan,48.0667,114.5,-8.73,88,12,1.56,MN,1731366356
542,ipora,-16.4419,-51.1178,24.46,77,28,1.54,BR,1731366357
543,bel ombre,-4.6167,55.4167,26.91,89,75,0.51,SC,1731366358
544,middelburg,-25.7751,29.4648,15.11,84,100,1.5,ZA,1731366359
545,pudasjarvi,65.3833,26.9167,0.91,93,100,1.83,FI,1731366360
546,ishigaki,24.3448,124.1572,25.07,94,75,4.63,JP,1731366362
547,tambacounda,13.7539,-13.7586,27.71,20,96,1.96,SN,1731366363
548,kalianget,-7.05,113.9333,28.09,72,96,1.63,ID,1731366364
549,san patricio,28.017,-97.5169,28.97,49,36,2.79,US,1731366365
550,jasrasar,28.298,74.8093,21.17,30,0,1.42,IN,1731366366
551,suva,-18.1416,178.4415,27.71,78,75,5.14,FJ,1731366367
552,sault ste. marie,46.5168,-84.3333,3.16,70,40,7.2,CA,1731366255
